feature,importance_mae_increase
weather_enc,6.429
congestion_r1,4.661
train_type_enc,2.853
scheduled_hour,1.7
congestion_r3,0.919
cascading_delay_index,0.598
congestion_r2,0.424
current_station_degree_centrality,0.196
upcoming_station_eigenvector_centrality,0.14
day_of_week,0.138
upcoming_station_pagerank,0.12
current_station_pagerank,0.114
current_station_degree,0.088
current_station_eigenvector_centrality,0.086
current_station_closeness_centrality,0.075
current_station_betweenness_centrality,0.036
edge_weight_next_km,0.028
upcoming_station_degree,0.025
delay_cluster,-0.025
